sample	ps_id	tissue	default	percent_accessible_all	percent_accessible_hap1	percent_accessible_hap2	peaks
GM12878	PM00001	Lymphoblastoid (B-lymphocyte, EBV-transformed)	true	https://s3.kopah.uw.edu/userprod/web/public/hashed.PacBio-Fiber-seq/PM00001/56c8efa47d30e7ffa5b12ebe6dd1e7c4/hg38/trackHub/bw/all.percent.accessible.bw	https://s3.kopah.uw.edu/userprod/web/public/hashed.PacBio-Fiber-seq/PM00001/56c8efa47d30e7ffa5b12ebe6dd1e7c4/hg38/trackHub/bw/hap1.percent.accessible.bw	https://s3.kopah.uw.edu/userprod/web/public/hashed.PacBio-Fiber-seq/PM00001/56c8efa47d30e7ffa5b12ebe6dd1e7c4/hg38/trackHub/bw/hap2.percent.accessible.bw	https://s3.kopah.uw.edu/userprod/web/public/hashed.PacBio-Fiber-seq/PM00001/56c8efa47d30e7ffa5b12ebe6dd1e7c4/hg38/trackHub/bb/fire-peaks.bb
K562	PM00004	Erythroleukemia / myeloid	true	https://s3.kopah.uw.edu/userprod/web/public/hashed.PacBio-Fiber-seq/PM00004/bab7c68a9ebb7a2b3c7201c7a7f4c2bf/hg38/trackHub/bw/all.percent.accessible.bw	https://s3.kopah.uw.edu/userprod/web/public/hashed.PacBio-Fiber-seq/PM00004/bab7c68a9ebb7a2b3c7201c7a7f4c2bf/hg38/trackHub/bw/hap1.percent.accessible.bw	https://s3.kopah.uw.edu/userprod/web/public/hashed.PacBio-Fiber-seq/PM00004/bab7c68a9ebb7a2b3c7201c7a7f4c2bf/hg38/trackHub/bw/hap2.percent.accessible.bw	https://s3.kopah.uw.edu/userprod/web/public/hashed.PacBio-Fiber-seq/PM00004/bab7c68a9ebb7a2b3c7201c7a7f4c2bf/hg38/trackHub/bb/fire-peaks.bb
HepG2	PM00005	Hepatocyte (liver)	true	https://s3.kopah.uw.edu/userprod/web/public/hashed.PacBio-Fiber-seq/PM00005/2917f9bdc4cdf28720fa5bf81eafb876/hg38/trackHub/bw/all.percent.accessible.bw	https://s3.kopah.uw.edu/userprod/web/public/hashed.PacBio-Fiber-seq/PM00005/2917f9bdc4cdf28720fa5bf81eafb876/hg38/trackHub/bw/hap1.percent.accessible.bw	https://s3.kopah.uw.edu/userprod/web/public/hashed.PacBio-Fiber-seq/PM00005/2917f9bdc4cdf28720fa5bf81eafb876/hg38/trackHub/bw/hap2.percent.accessible.bw	https://s3.kopah.uw.edu/userprod/web/public/hashed.PacBio-Fiber-seq/PM00005/2917f9bdc4cdf28720fa5bf81eafb876/hg38/trackHub/bb/fire-peaks.bb
H1	PM00010	Embryonic stem cell	true	https://s3.kopah.uw.edu/userprod/web/public/hashed.PacBio-Fiber-seq/PM00010/c8a8d41383128a1e3d26c4e5ff6754aa/hg38/trackHub/bw/all.percent.accessible.bw	https://s3.kopah.uw.edu/userprod/web/public/hashed.PacBio-Fiber-seq/PM00010/c8a8d41383128a1e3d26c4e5ff6754aa/hg38/trackHub/bw/hap1.percent.accessible.bw	https://s3.kopah.uw.edu/userprod/web/public/hashed.PacBio-Fiber-seq/PM00010/c8a8d41383128a1e3d26c4e5ff6754aa/hg38/trackHub/bw/hap2.percent.accessible.bw	https://s3.kopah.uw.edu/userprod/web/public/hashed.PacBio-Fiber-seq/PM00010/c8a8d41383128a1e3d26c4e5ff6754aa/hg38/trackHub/bb/fire-peaks.bb
Hap1	PM00008	Myeloid (near-haploid)	true	https://s3.kopah.uw.edu/userprod/web/public/hashed.PacBio-Fiber-seq/PM00008/09ce0ae0ea79bd7a84b97ddc9a32fb38/hg38/trackHub/bw/all.percent.accessible.bw	https://s3.kopah.uw.edu/userprod/web/public/hashed.PacBio-Fiber-seq/PM00008/09ce0ae0ea79bd7a84b97ddc9a32fb38/hg38/trackHub/bw/hap1.percent.accessible.bw	https://s3.kopah.uw.edu/userprod/web/public/hashed.PacBio-Fiber-seq/PM00008/09ce0ae0ea79bd7a84b97ddc9a32fb38/hg38/trackHub/bw/hap2.percent.accessible.bw	https://s3.kopah.uw.edu/userprod/web/public/hashed.PacBio-Fiber-seq/PM00008/09ce0ae0ea79bd7a84b97ddc9a32fb38/hg38/trackHub/bb/fire-peaks.bb
Hek293T	PM00012	Human embryonic kidney	true	https://s3.kopah.uw.edu/userprod/web/public/hashed.PacBio-Fiber-seq/PM00012/eb6e7dc0f85e205f584c65645f6da4b3/hg38/trackHub/bw/all.percent.accessible.bw	https://s3.kopah.uw.edu/userprod/web/public/hashed.PacBio-Fiber-seq/PM00012/eb6e7dc0f85e205f584c65645f6da4b3/hg38/trackHub/bw/hap1.percent.accessible.bw	https://s3.kopah.uw.edu/userprod/web/public/hashed.PacBio-Fiber-seq/PM00012/eb6e7dc0f85e205f584c65645f6da4b3/hg38/trackHub/bw/hap2.percent.accessible.bw	https://s3.kopah.uw.edu/userprod/web/public/hashed.PacBio-Fiber-seq/PM00012/eb6e7dc0f85e205f584c65645f6da4b3/hg38/trackHub/bb/fire-peaks.bb
Jurkat	PM00009	T-lymphocyte	true	https://s3.kopah.uw.edu/userprod/web/public/hashed.PacBio-Fiber-seq/PM00009/41ffee46fb1292f6566d022e01d256c1/hg38/trackHub/bw/all.percent.accessible.bw	https://s3.kopah.uw.edu/userprod/web/public/hashed.PacBio-Fiber-seq/PM00009/41ffee46fb1292f6566d022e01d256c1/hg38/trackHub/bw/hap1.percent.accessible.bw	https://s3.kopah.uw.edu/userprod/web/public/hashed.PacBio-Fiber-seq/PM00009/41ffee46fb1292f6566d022e01d256c1/hg38/trackHub/bw/hap2.percent.accessible.bw	https://s3.kopah.uw.edu/userprod/web/public/hashed.PacBio-Fiber-seq/PM00009/41ffee46fb1292f6566d022e01d256c1/hg38/trackHub/bb/fire-peaks.bb
HG002	PM00002	Lymphoblastoid (B-lymphocyte, EBV-transformed)	false	https://s3.kopah.uw.edu/userprod/web/public/hashed.PacBio-Fiber-seq/PM00002/66537188deac5f1b93fbaeb25bc42e01/hg38/trackHub/bw/all.percent.accessible.bw	https://s3.kopah.uw.edu/userprod/web/public/hashed.PacBio-Fiber-seq/PM00002/66537188deac5f1b93fbaeb25bc42e01/hg38/trackHub/bw/hap1.percent.accessible.bw	https://s3.kopah.uw.edu/userprod/web/public/hashed.PacBio-Fiber-seq/PM00002/66537188deac5f1b93fbaeb25bc42e01/hg38/trackHub/bw/hap2.percent.accessible.bw	https://s3.kopah.uw.edu/userprod/web/public/hashed.PacBio-Fiber-seq/PM00002/66537188deac5f1b93fbaeb25bc42e01/hg38/trackHub/bb/fire-peaks.bb
Panc1	PM00006	Pancreatic ductal epithelial	false	https://s3.kopah.uw.edu/userprod/web/public/hashed.PacBio-Fiber-seq/PM00006/d73722295e681ecf85cd2e65aa0e7c70/hg38/trackHub/bw/all.percent.accessible.bw	https://s3.kopah.uw.edu/userprod/web/public/hashed.PacBio-Fiber-seq/PM00006/d73722295e681ecf85cd2e65aa0e7c70/hg38/trackHub/bw/hap1.percent.accessible.bw	https://s3.kopah.uw.edu/userprod/web/public/hashed.PacBio-Fiber-seq/PM00006/d73722295e681ecf85cd2e65aa0e7c70/hg38/trackHub/bw/hap2.percent.accessible.bw	https://s3.kopah.uw.edu/userprod/web/public/hashed.PacBio-Fiber-seq/PM00006/d73722295e681ecf85cd2e65aa0e7c70/hg38/trackHub/bb/fire-peaks.bb
THP-1	PM00007	Monocyte (myeloid)	false	https://s3.kopah.uw.edu/userprod/web/public/hashed.PacBio-Fiber-seq/PM00007/d9bace2630b732dea835e6faa6a357da/hg38/trackHub/bw/all.percent.accessible.bw	https://s3.kopah.uw.edu/userprod/web/public/hashed.PacBio-Fiber-seq/PM00007/d9bace2630b732dea835e6faa6a357da/hg38/trackHub/bw/hap1.percent.accessible.bw	https://s3.kopah.uw.edu/userprod/web/public/hashed.PacBio-Fiber-seq/PM00007/d9bace2630b732dea835e6faa6a357da/hg38/trackHub/bw/hap2.percent.accessible.bw	https://s3.kopah.uw.edu/userprod/web/public/hashed.PacBio-Fiber-seq/PM00007/d9bace2630b732dea835e6faa6a357da/hg38/trackHub/bb/fire-peaks.bb
H9	PM00011	Embryonic stem cell	false	https://s3.kopah.uw.edu/userprod/web/public/hashed.PacBio-Fiber-seq/PM00011/919ef478b700e2788cfb45d787ef0e96/hg38/trackHub/bw/all.percent.accessible.bw	https://s3.kopah.uw.edu/userprod/web/public/hashed.PacBio-Fiber-seq/PM00011/919ef478b700e2788cfb45d787ef0e96/hg38/trackHub/bw/hap1.percent.accessible.bw	https://s3.kopah.uw.edu/userprod/web/public/hashed.PacBio-Fiber-seq/PM00011/919ef478b700e2788cfb45d787ef0e96/hg38/trackHub/bw/hap2.percent.accessible.bw	https://s3.kopah.uw.edu/userprod/web/public/hashed.PacBio-Fiber-seq/PM00011/919ef478b700e2788cfb45d787ef0e96/hg38/trackHub/bb/fire-peaks.bb
HG01123	PS00971	Lymphoblastoid (B-lymphocyte, EBV-transformed)	false	https://s3.kopah.uw.edu/userprod/web/public/hashed.PacBio-Fiber-seq/PS00971/32075e85354ac89edd4e9472caa93d3c/hg38/trackHub/bw/all.percent.accessible.bw	https://s3.kopah.uw.edu/userprod/web/public/hashed.PacBio-Fiber-seq/PS00971/32075e85354ac89edd4e9472caa93d3c/hg38/trackHub/bw/hap1.percent.accessible.bw	https://s3.kopah.uw.edu/userprod/web/public/hashed.PacBio-Fiber-seq/PS00971/32075e85354ac89edd4e9472caa93d3c/hg38/trackHub/bw/hap2.percent.accessible.bw	https://s3.kopah.uw.edu/userprod/web/public/hashed.PacBio-Fiber-seq/PS00971/32075e85354ac89edd4e9472caa93d3c/hg38/trackHub/bb/fire-peaks.bb
HG01258	PS00972	Lymphoblastoid (B-lymphocyte, EBV-transformed)	false	https://s3.kopah.uw.edu/userprod/web/public/hashed.PacBio-Fiber-seq/PS00972/6131088532f16569cdfadb303c9251ff/hg38/trackHub/bw/all.percent.accessible.bw	https://s3.kopah.uw.edu/userprod/web/public/hashed.PacBio-Fiber-seq/PS00972/6131088532f16569cdfadb303c9251ff/hg38/trackHub/bw/hap1.percent.accessible.bw	https://s3.kopah.uw.edu/userprod/web/public/hashed.PacBio-Fiber-seq/PS00972/6131088532f16569cdfadb303c9251ff/hg38/trackHub/bw/hap2.percent.accessible.bw	https://s3.kopah.uw.edu/userprod/web/public/hashed.PacBio-Fiber-seq/PS00972/6131088532f16569cdfadb303c9251ff/hg38/trackHub/bb/fire-peaks.bb
HG01358	PS00973	Lymphoblastoid (B-lymphocyte, EBV-transformed)	false	https://s3.kopah.uw.edu/userprod/web/public/hashed.PacBio-Fiber-seq/PS00973/868b57a6e0470f9b749761dc80c1d4b4/hg38/trackHub/bw/all.percent.accessible.bw	https://s3.kopah.uw.edu/userprod/web/public/hashed.PacBio-Fiber-seq/PS00973/868b57a6e0470f9b749761dc80c1d4b4/hg38/trackHub/bw/hap1.percent.accessible.bw	https://s3.kopah.uw.edu/userprod/web/public/hashed.PacBio-Fiber-seq/PS00973/868b57a6e0470f9b749761dc80c1d4b4/hg38/trackHub/bw/hap2.percent.accessible.bw	https://s3.kopah.uw.edu/userprod/web/public/hashed.PacBio-Fiber-seq/PS00973/868b57a6e0470f9b749761dc80c1d4b4/hg38/trackHub/bb/fire-peaks.bb
HG01361	PS00974	Lymphoblastoid (B-lymphocyte, EBV-transformed)	false	https://s3.kopah.uw.edu/userprod/web/public/hashed.PacBio-Fiber-seq/PS00974/89b91e72dd977f456b2a00eb548d8c76/hg38/trackHub/bw/all.percent.accessible.bw	https://s3.kopah.uw.edu/userprod/web/public/hashed.PacBio-Fiber-seq/PS00974/89b91e72dd977f456b2a00eb548d8c76/hg38/trackHub/bw/hap1.percent.accessible.bw	https://s3.kopah.uw.edu/userprod/web/public/hashed.PacBio-Fiber-seq/PS00974/89b91e72dd977f456b2a00eb548d8c76/hg38/trackHub/bw/hap2.percent.accessible.bw	https://s3.kopah.uw.edu/userprod/web/public/hashed.PacBio-Fiber-seq/PS00974/89b91e72dd977f456b2a00eb548d8c76/hg38/trackHub/bb/fire-peaks.bb
HG01891	PS00975	Lymphoblastoid (B-lymphocyte, EBV-transformed)	false	https://s3.kopah.uw.edu/userprod/web/public/hashed.PacBio-Fiber-seq/PS00975/5497a65db4b1dc18f78e0fde852ca084/hg38/trackHub/bw/all.percent.accessible.bw	https://s3.kopah.uw.edu/userprod/web/public/hashed.PacBio-Fiber-seq/PS00975/5497a65db4b1dc18f78e0fde852ca084/hg38/trackHub/bw/hap1.percent.accessible.bw	https://s3.kopah.uw.edu/userprod/web/public/hashed.PacBio-Fiber-seq/PS00975/5497a65db4b1dc18f78e0fde852ca084/hg38/trackHub/bw/hap2.percent.accessible.bw	https://s3.kopah.uw.edu/userprod/web/public/hashed.PacBio-Fiber-seq/PS00975/5497a65db4b1dc18f78e0fde852ca084/hg38/trackHub/bb/fire-peaks.bb
HG02071	PS00976	Lymphoblastoid (B-lymphocyte, EBV-transformed)	false	https://s3.kopah.uw.edu/userprod/web/public/hashed.PacBio-Fiber-seq/PS00976/29ea847693b3d38d0d2849603df73cb2/hg38/trackHub/bw/all.percent.accessible.bw	https://s3.kopah.uw.edu/userprod/web/public/hashed.PacBio-Fiber-seq/PS00976/29ea847693b3d38d0d2849603df73cb2/hg38/trackHub/bw/hap1.percent.accessible.bw	https://s3.kopah.uw.edu/userprod/web/public/hashed.PacBio-Fiber-seq/PS00976/29ea847693b3d38d0d2849603df73cb2/hg38/trackHub/bw/hap2.percent.accessible.bw	https://s3.kopah.uw.edu/userprod/web/public/hashed.PacBio-Fiber-seq/PS00976/29ea847693b3d38d0d2849603df73cb2/hg38/trackHub/bb/fire-peaks.bb
HG02074	PS00977	Lymphoblastoid (B-lymphocyte, EBV-transformed)	false	https://s3.kopah.uw.edu/userprod/web/public/hashed.PacBio-Fiber-seq/PS00977/dca57606102ce19dc9a99d788a2a3171/hg38/trackHub/bw/all.percent.accessible.bw	https://s3.kopah.uw.edu/userprod/web/public/hashed.PacBio-Fiber-seq/PS00977/dca57606102ce19dc9a99d788a2a3171/hg38/trackHub/bw/hap1.percent.accessible.bw	https://s3.kopah.uw.edu/userprod/web/public/hashed.PacBio-Fiber-seq/PS00977/dca57606102ce19dc9a99d788a2a3171/hg38/trackHub/bw/hap2.percent.accessible.bw	https://s3.kopah.uw.edu/userprod/web/public/hashed.PacBio-Fiber-seq/PS00977/dca57606102ce19dc9a99d788a2a3171/hg38/trackHub/bb/fire-peaks.bb
HG02132	PS00978	Lymphoblastoid (B-lymphocyte, EBV-transformed)	false	https://s3.kopah.uw.edu/userprod/web/public/hashed.PacBio-Fiber-seq/PS00978/8ccfe29ff5a0093e8cfad2a727054d97/hg38/trackHub/bw/all.percent.accessible.bw	https://s3.kopah.uw.edu/userprod/web/public/hashed.PacBio-Fiber-seq/PS00978/8ccfe29ff5a0093e8cfad2a727054d97/hg38/trackHub/bw/hap1.percent.accessible.bw	https://s3.kopah.uw.edu/userprod/web/public/hashed.PacBio-Fiber-seq/PS00978/8ccfe29ff5a0093e8cfad2a727054d97/hg38/trackHub/bw/hap2.percent.accessible.bw	https://s3.kopah.uw.edu/userprod/web/public/hashed.PacBio-Fiber-seq/PS00978/8ccfe29ff5a0093e8cfad2a727054d97/hg38/trackHub/bb/fire-peaks.bb
HG02135	PS00979	Lymphoblastoid (B-lymphocyte, EBV-transformed)	false	https://s3.kopah.uw.edu/userprod/web/public/hashed.PacBio-Fiber-seq/PS00979/fa42dfae0df70d9bce4389a1b4681238/hg38/trackHub/bw/all.percent.accessible.bw	https://s3.kopah.uw.edu/userprod/web/public/hashed.PacBio-Fiber-seq/PS00979/fa42dfae0df70d9bce4389a1b4681238/hg38/trackHub/bw/hap1.percent.accessible.bw	https://s3.kopah.uw.edu/userprod/web/public/hashed.PacBio-Fiber-seq/PS00979/fa42dfae0df70d9bce4389a1b4681238/hg38/trackHub/bw/hap2.percent.accessible.bw	https://s3.kopah.uw.edu/userprod/web/public/hashed.PacBio-Fiber-seq/PS00979/fa42dfae0df70d9bce4389a1b4681238/hg38/trackHub/bb/fire-peaks.bb
HG02257	PS00980	Lymphoblastoid (B-lymphocyte, EBV-transformed)	false	https://s3.kopah.uw.edu/userprod/web/public/hashed.PacBio-Fiber-seq/PS00980/a340d9c3be89ac455752fb407495d6e3/hg38/trackHub/bw/all.percent.accessible.bw	https://s3.kopah.uw.edu/userprod/web/public/hashed.PacBio-Fiber-seq/PS00980/a340d9c3be89ac455752fb407495d6e3/hg38/trackHub/bw/hap1.percent.accessible.bw	https://s3.kopah.uw.edu/userprod/web/public/hashed.PacBio-Fiber-seq/PS00980/a340d9c3be89ac455752fb407495d6e3/hg38/trackHub/bw/hap2.percent.accessible.bw	https://s3.kopah.uw.edu/userprod/web/public/hashed.PacBio-Fiber-seq/PS00980/a340d9c3be89ac455752fb407495d6e3/hg38/trackHub/bb/fire-peaks.bb
HG02486	PS00981	Lymphoblastoid (B-lymphocyte, EBV-transformed)	false	https://s3.kopah.uw.edu/userprod/web/public/hashed.PacBio-Fiber-seq/PS00981/e148a02e55a49027536fa02cf1ad054b/hg38/trackHub/bw/all.percent.accessible.bw	https://s3.kopah.uw.edu/userprod/web/public/hashed.PacBio-Fiber-seq/PS00981/e148a02e55a49027536fa02cf1ad054b/hg38/trackHub/bw/hap1.percent.accessible.bw	https://s3.kopah.uw.edu/userprod/web/public/hashed.PacBio-Fiber-seq/PS00981/e148a02e55a49027536fa02cf1ad054b/hg38/trackHub/bw/hap2.percent.accessible.bw	https://s3.kopah.uw.edu/userprod/web/public/hashed.PacBio-Fiber-seq/PS00981/e148a02e55a49027536fa02cf1ad054b/hg38/trackHub/bb/fire-peaks.bb
HG02559	PS00982	Lymphoblastoid (B-lymphocyte, EBV-transformed)	false	https://s3.kopah.uw.edu/userprod/web/public/hashed.PacBio-Fiber-seq/PS00982/885268787c41c09ed7c1cabe8c1e6fc1/hg38/trackHub/bw/all.percent.accessible.bw	https://s3.kopah.uw.edu/userprod/web/public/hashed.PacBio-Fiber-seq/PS00982/885268787c41c09ed7c1cabe8c1e6fc1/hg38/trackHub/bw/hap1.percent.accessible.bw	https://s3.kopah.uw.edu/userprod/web/public/hashed.PacBio-Fiber-seq/PS00982/885268787c41c09ed7c1cabe8c1e6fc1/hg38/trackHub/bw/hap2.percent.accessible.bw	https://s3.kopah.uw.edu/userprod/web/public/hashed.PacBio-Fiber-seq/PS00982/885268787c41c09ed7c1cabe8c1e6fc1/hg38/trackHub/bb/fire-peaks.bb
HG02572	PS00983	Lymphoblastoid (B-lymphocyte, EBV-transformed)	false	https://s3.kopah.uw.edu/userprod/web/public/hashed.PacBio-Fiber-seq/PS00983/e5e3af18c23d821a70086aec8262fdc8/hg38/trackHub/bw/all.percent.accessible.bw	https://s3.kopah.uw.edu/userprod/web/public/hashed.PacBio-Fiber-seq/PS00983/e5e3af18c23d821a70086aec8262fdc8/hg38/trackHub/bw/hap1.percent.accessible.bw	https://s3.kopah.uw.edu/userprod/web/public/hashed.PacBio-Fiber-seq/PS00983/e5e3af18c23d821a70086aec8262fdc8/hg38/trackHub/bw/hap2.percent.accessible.bw	https://s3.kopah.uw.edu/userprod/web/public/hashed.PacBio-Fiber-seq/PS00983/e5e3af18c23d821a70086aec8262fdc8/hg38/trackHub/bb/fire-peaks.bb
HG02717	PS00984	Lymphoblastoid (B-lymphocyte, EBV-transformed)	false	https://s3.kopah.uw.edu/userprod/web/public/hashed.PacBio-Fiber-seq/PS00984/49dd2cf0726a10a4d8eb2c8221b6f8ac/hg38/trackHub/bw/all.percent.accessible.bw	https://s3.kopah.uw.edu/userprod/web/public/hashed.PacBio-Fiber-seq/PS00984/49dd2cf0726a10a4d8eb2c8221b6f8ac/hg38/trackHub/bw/hap1.percent.accessible.bw	https://s3.kopah.uw.edu/userprod/web/public/hashed.PacBio-Fiber-seq/PS00984/49dd2cf0726a10a4d8eb2c8221b6f8ac/hg38/trackHub/bw/hap2.percent.accessible.bw	https://s3.kopah.uw.edu/userprod/web/public/hashed.PacBio-Fiber-seq/PS00984/49dd2cf0726a10a4d8eb2c8221b6f8ac/hg38/trackHub/bb/fire-peaks.bb
HG02886	PS00985	Lymphoblastoid (B-lymphocyte, EBV-transformed)	false	https://s3.kopah.uw.edu/userprod/web/public/hashed.PacBio-Fiber-seq/PS00985/a352ed22ad490f183e1a89fc600c55dc/hg38/trackHub/bw/all.percent.accessible.bw	https://s3.kopah.uw.edu/userprod/web/public/hashed.PacBio-Fiber-seq/PS00985/a352ed22ad490f183e1a89fc600c55dc/hg38/trackHub/bw/hap1.percent.accessible.bw	https://s3.kopah.uw.edu/userprod/web/public/hashed.PacBio-Fiber-seq/PS00985/a352ed22ad490f183e1a89fc600c55dc/hg38/trackHub/bw/hap2.percent.accessible.bw	https://s3.kopah.uw.edu/userprod/web/public/hashed.PacBio-Fiber-seq/PS00985/a352ed22ad490f183e1a89fc600c55dc/hg38/trackHub/bb/fire-peaks.bb
HG03516	PS00986	Lymphoblastoid (B-lymphocyte, EBV-transformed)	false	https://s3.kopah.uw.edu/userprod/web/public/hashed.PacBio-Fiber-seq/PS00986/e9150edc165f21c8b60f524e32232b34/hg38/trackHub/bw/all.percent.accessible.bw	https://s3.kopah.uw.edu/userprod/web/public/hashed.PacBio-Fiber-seq/PS00986/e9150edc165f21c8b60f524e32232b34/hg38/trackHub/bw/hap1.percent.accessible.bw	https://s3.kopah.uw.edu/userprod/web/public/hashed.PacBio-Fiber-seq/PS00986/e9150edc165f21c8b60f524e32232b34/hg38/trackHub/bw/hap2.percent.accessible.bw	https://s3.kopah.uw.edu/userprod/web/public/hashed.PacBio-Fiber-seq/PS00986/e9150edc165f21c8b60f524e32232b34/hg38/trackHub/bb/fire-peaks.bb
HG03804	PS00987	Lymphoblastoid (B-lymphocyte, EBV-transformed)	false	https://s3.kopah.uw.edu/userprod/web/public/hashed.PacBio-Fiber-seq/PS00987/9bcdcdbfedc59d7fef2cae0f1acbe3ea/hg38/trackHub/bw/all.percent.accessible.bw	https://s3.kopah.uw.edu/userprod/web/public/hashed.PacBio-Fiber-seq/PS00987/9bcdcdbfedc59d7fef2cae0f1acbe3ea/hg38/trackHub/bw/hap1.percent.accessible.bw	https://s3.kopah.uw.edu/userprod/web/public/hashed.PacBio-Fiber-seq/PS00987/9bcdcdbfedc59d7fef2cae0f1acbe3ea/hg38/trackHub/bw/hap2.percent.accessible.bw	https://s3.kopah.uw.edu/userprod/web/public/hashed.PacBio-Fiber-seq/PS00987/9bcdcdbfedc59d7fef2cae0f1acbe3ea/hg38/trackHub/bb/fire-peaks.bb
HG03942	PS00988	Lymphoblastoid (B-lymphocyte, EBV-transformed)	false	https://s3.kopah.uw.edu/userprod/web/public/hashed.PacBio-Fiber-seq/PS00988/67b785f2ac06480aff5811f5f668d6b4/hg38/trackHub/bw/all.percent.accessible.bw	https://s3.kopah.uw.edu/userprod/web/public/hashed.PacBio-Fiber-seq/PS00988/67b785f2ac06480aff5811f5f668d6b4/hg38/trackHub/bw/hap1.percent.accessible.bw	https://s3.kopah.uw.edu/userprod/web/public/hashed.PacBio-Fiber-seq/PS00988/67b785f2ac06480aff5811f5f668d6b4/hg38/trackHub/bw/hap2.percent.accessible.bw	https://s3.kopah.uw.edu/userprod/web/public/hashed.PacBio-Fiber-seq/PS00988/67b785f2ac06480aff5811f5f668d6b4/hg38/trackHub/bb/fire-peaks.bb
HG04160	PS00989	Lymphoblastoid (B-lymphocyte, EBV-transformed)	false	https://s3.kopah.uw.edu/userprod/web/public/hashed.PacBio-Fiber-seq/PS00989/c29fefa1065e2cc26d914d6c79891535/hg38/trackHub/bw/all.percent.accessible.bw	https://s3.kopah.uw.edu/userprod/web/public/hashed.PacBio-Fiber-seq/PS00989/c29fefa1065e2cc26d914d6c79891535/hg38/trackHub/bw/hap1.percent.accessible.bw	https://s3.kopah.uw.edu/userprod/web/public/hashed.PacBio-Fiber-seq/PS00989/c29fefa1065e2cc26d914d6c79891535/hg38/trackHub/bw/hap2.percent.accessible.bw	https://s3.kopah.uw.edu/userprod/web/public/hashed.PacBio-Fiber-seq/PS00989/c29fefa1065e2cc26d914d6c79891535/hg38/trackHub/bb/fire-peaks.bb
HG04187	PS00990	Lymphoblastoid (B-lymphocyte, EBV-transformed)	false	https://s3.kopah.uw.edu/userprod/web/public/hashed.PacBio-Fiber-seq/PS00990/98c0504758e3c8cf4383f22658aac113/hg38/trackHub/bw/all.percent.accessible.bw	https://s3.kopah.uw.edu/userprod/web/public/hashed.PacBio-Fiber-seq/PS00990/98c0504758e3c8cf4383f22658aac113/hg38/trackHub/bw/hap1.percent.accessible.bw	https://s3.kopah.uw.edu/userprod/web/public/hashed.PacBio-Fiber-seq/PS00990/98c0504758e3c8cf4383f22658aac113/hg38/trackHub/bw/hap2.percent.accessible.bw	https://s3.kopah.uw.edu/userprod/web/public/hashed.PacBio-Fiber-seq/PS00990/98c0504758e3c8cf4383f22658aac113/hg38/trackHub/bb/fire-peaks.bb
A549	PS01302	Lung epithelial (adenocarcinoma)	false	https://s3.kopah.uw.edu/userprod/web/public/hashed.PacBio-Fiber-seq/PS01302/7b39ec1b123ae87b077dafc7d9090a1c/hg38/trackHub/bw/all.percent.accessible.bw	https://s3.kopah.uw.edu/userprod/web/public/hashed.PacBio-Fiber-seq/PS01302/7b39ec1b123ae87b077dafc7d9090a1c/hg38/trackHub/bw/hap1.percent.accessible.bw	https://s3.kopah.uw.edu/userprod/web/public/hashed.PacBio-Fiber-seq/PS01302/7b39ec1b123ae87b077dafc7d9090a1c/hg38/trackHub/bw/hap2.percent.accessible.bw	https://s3.kopah.uw.edu/userprod/web/public/hashed.PacBio-Fiber-seq/PS01302/7b39ec1b123ae87b077dafc7d9090a1c/hg38/trackHub/bb/fire-peaks.bb
MCF-7	PS01305	Breast epithelial (adenocarcinoma)	false	https://s3.kopah.uw.edu/userprod/web/public/hashed.PacBio-Fiber-seq/PS01305/3f29e4e4b63b744ce4aeb72bbeecd70f/hg38/trackHub/bw/all.percent.accessible.bw	https://s3.kopah.uw.edu/userprod/web/public/hashed.PacBio-Fiber-seq/PS01305/3f29e4e4b63b744ce4aeb72bbeecd70f/hg38/trackHub/bw/hap1.percent.accessible.bw	https://s3.kopah.uw.edu/userprod/web/public/hashed.PacBio-Fiber-seq/PS01305/3f29e4e4b63b744ce4aeb72bbeecd70f/hg38/trackHub/bw/hap2.percent.accessible.bw	https://s3.kopah.uw.edu/userprod/web/public/hashed.PacBio-Fiber-seq/PS01305/3f29e4e4b63b744ce4aeb72bbeecd70f/hg38/trackHub/bb/fire-peaks.bb
HCT116	PS01314	Colon epithelial (colorectal carcinoma)	false	https://s3.kopah.uw.edu/userprod/web/public/hashed.PacBio-Fiber-seq/PS01314/91cbfbadf9e012ed9a83a8987f7d12dd/hg38/trackHub/bw/all.percent.accessible.bw	https://s3.kopah.uw.edu/userprod/web/public/hashed.PacBio-Fiber-seq/PS01314/91cbfbadf9e012ed9a83a8987f7d12dd/hg38/trackHub/bw/hap1.percent.accessible.bw	https://s3.kopah.uw.edu/userprod/web/public/hashed.PacBio-Fiber-seq/PS01314/91cbfbadf9e012ed9a83a8987f7d12dd/hg38/trackHub/bw/hap2.percent.accessible.bw	https://s3.kopah.uw.edu/userprod/web/public/hashed.PacBio-Fiber-seq/PS01314/91cbfbadf9e012ed9a83a8987f7d12dd/hg38/trackHub/bb/fire-peaks.bb
Caco-2	PS01319	Colon epithelial (colorectal adenocarcinoma)	false	https://s3.kopah.uw.edu/userprod/web/public/hashed.PacBio-Fiber-seq/PS01319/c26fd5d56fd09f84ff28c7c4b9f99559/hg38/trackHub/bw/all.percent.accessible.bw	https://s3.kopah.uw.edu/userprod/web/public/hashed.PacBio-Fiber-seq/PS01319/c26fd5d56fd09f84ff28c7c4b9f99559/hg38/trackHub/bw/hap1.percent.accessible.bw	https://s3.kopah.uw.edu/userprod/web/public/hashed.PacBio-Fiber-seq/PS01319/c26fd5d56fd09f84ff28c7c4b9f99559/hg38/trackHub/bw/hap2.percent.accessible.bw	https://s3.kopah.uw.edu/userprod/web/public/hashed.PacBio-Fiber-seq/PS01319/c26fd5d56fd09f84ff28c7c4b9f99559/hg38/trackHub/bb/fire-peaks.bb
WTC-11	PS01388	Induced pluripotent stem cell (iPSC)	false	https://s3.kopah.uw.edu/userprod/web/public/hashed.PacBio-Fiber-seq/PS01388/85dce624f9c36c4f2ff11bc22af93dd1/hg38/trackHub/bw/all.percent.accessible.bw	https://s3.kopah.uw.edu/userprod/web/public/hashed.PacBio-Fiber-seq/PS01388/85dce624f9c36c4f2ff11bc22af93dd1/hg38/trackHub/bw/hap1.percent.accessible.bw	https://s3.kopah.uw.edu/userprod/web/public/hashed.PacBio-Fiber-seq/PS01388/85dce624f9c36c4f2ff11bc22af93dd1/hg38/trackHub/bw/hap2.percent.accessible.bw	https://s3.kopah.uw.edu/userprod/web/public/hashed.PacBio-Fiber-seq/PS01388/85dce624f9c36c4f2ff11bc22af93dd1/hg38/trackHub/bb/fire-peaks.bb
GM28572	PS01517	Lymphoblastoid (B-lymphocyte, EBV-transformed)	false	https://s3.kopah.uw.edu/userprod/web/public/hashed.PacBio-Fiber-seq/PS01517/0b5ee552d04d5730df674bd9ab288ce9/hg38/trackHub/bw/all.percent.accessible.bw	https://s3.kopah.uw.edu/userprod/web/public/hashed.PacBio-Fiber-seq/PS01517/0b5ee552d04d5730df674bd9ab288ce9/hg38/trackHub/bw/hap1.percent.accessible.bw	https://s3.kopah.uw.edu/userprod/web/public/hashed.PacBio-Fiber-seq/PS01517/0b5ee552d04d5730df674bd9ab288ce9/hg38/trackHub/bw/hap2.percent.accessible.bw	https://s3.kopah.uw.edu/userprod/web/public/hashed.PacBio-Fiber-seq/PS01517/0b5ee552d04d5730df674bd9ab288ce9/hg38/trackHub/bb/fire-peaks.bb
GM28570	PS01518	Lymphoblastoid (B-lymphocyte, EBV-transformed)	false	https://s3.kopah.uw.edu/userprod/web/public/hashed.PacBio-Fiber-seq/PS01518/f185df42c50391eebc7e3b69d5fd945f/hg38/trackHub/bw/all.percent.accessible.bw	https://s3.kopah.uw.edu/userprod/web/public/hashed.PacBio-Fiber-seq/PS01518/f185df42c50391eebc7e3b69d5fd945f/hg38/trackHub/bw/hap1.percent.accessible.bw	https://s3.kopah.uw.edu/userprod/web/public/hashed.PacBio-Fiber-seq/PS01518/f185df42c50391eebc7e3b69d5fd945f/hg38/trackHub/bw/hap2.percent.accessible.bw	https://s3.kopah.uw.edu/userprod/web/public/hashed.PacBio-Fiber-seq/PS01518/f185df42c50391eebc7e3b69d5fd945f/hg38/trackHub/bb/fire-peaks.bb
GM25456	PS01519	Lymphoblastoid (B-lymphocyte, EBV-transformed)	false	https://s3.kopah.uw.edu/userprod/web/public/hashed.PacBio-Fiber-seq/PS01519/5612ea912092183984914c6d25998b1f/hg38/trackHub/bw/all.percent.accessible.bw	https://s3.kopah.uw.edu/userprod/web/public/hashed.PacBio-Fiber-seq/PS01519/5612ea912092183984914c6d25998b1f/hg38/trackHub/bw/hap1.percent.accessible.bw	https://s3.kopah.uw.edu/userprod/web/public/hashed.PacBio-Fiber-seq/PS01519/5612ea912092183984914c6d25998b1f/hg38/trackHub/bw/hap2.percent.accessible.bw	https://s3.kopah.uw.edu/userprod/web/public/hashed.PacBio-Fiber-seq/PS01519/5612ea912092183984914c6d25998b1f/hg38/trackHub/bb/fire-peaks.bb
GM25455	PS01520	Lymphoblastoid (B-lymphocyte, EBV-transformed)	false	https://s3.kopah.uw.edu/userprod/web/public/hashed.PacBio-Fiber-seq/PS01520/27d0455403f6b4221c7267604c468aff/hg38/trackHub/bw/all.percent.accessible.bw	https://s3.kopah.uw.edu/userprod/web/public/hashed.PacBio-Fiber-seq/PS01520/27d0455403f6b4221c7267604c468aff/hg38/trackHub/bw/hap1.percent.accessible.bw	https://s3.kopah.uw.edu/userprod/web/public/hashed.PacBio-Fiber-seq/PS01520/27d0455403f6b4221c7267604c468aff/hg38/trackHub/bw/hap2.percent.accessible.bw	https://s3.kopah.uw.edu/userprod/web/public/hashed.PacBio-Fiber-seq/PS01520/27d0455403f6b4221c7267604c468aff/hg38/trackHub/bb/fire-peaks.bb
GM27730	PS01524	Lymphoblastoid (B-lymphocyte, EBV-transformed)	false	https://s3.kopah.uw.edu/userprod/web/public/hashed.PacBio-Fiber-seq/PS01524/8f7783e80526113d9dda6bb3ed387bee/hg38/trackHub/bw/all.percent.accessible.bw	https://s3.kopah.uw.edu/userprod/web/public/hashed.PacBio-Fiber-seq/PS01524/8f7783e80526113d9dda6bb3ed387bee/hg38/trackHub/bw/hap1.percent.accessible.bw	https://s3.kopah.uw.edu/userprod/web/public/hashed.PacBio-Fiber-seq/PS01524/8f7783e80526113d9dda6bb3ed387bee/hg38/trackHub/bw/hap2.percent.accessible.bw	https://s3.kopah.uw.edu/userprod/web/public/hashed.PacBio-Fiber-seq/PS01524/8f7783e80526113d9dda6bb3ed387bee/hg38/trackHub/bb/fire-peaks.bb
HG008-SC14	PS01680	Pancreatic ductal adenocarcinoma (single-cell clone)	false	https://s3.kopah.uw.edu/userprod/web/public/hashed.PacBio-Fiber-seq/PS01680/e62d7a263d45e7c8aab1ba37073dcf8b/hg38/trackHub/bw/all.percent.accessible.bw	https://s3.kopah.uw.edu/userprod/web/public/hashed.PacBio-Fiber-seq/PS01680/e62d7a263d45e7c8aab1ba37073dcf8b/hg38/trackHub/bw/hap1.percent.accessible.bw	https://s3.kopah.uw.edu/userprod/web/public/hashed.PacBio-Fiber-seq/PS01680/e62d7a263d45e7c8aab1ba37073dcf8b/hg38/trackHub/bw/hap2.percent.accessible.bw	https://s3.kopah.uw.edu/userprod/web/public/hashed.PacBio-Fiber-seq/PS01680/e62d7a263d45e7c8aab1ba37073dcf8b/hg38/trackHub/bb/fire-peaks.bb
HG008-3E4	PS01682	Pancreatic ductal adenocarcinoma (single-cell clone)	false	https://s3.kopah.uw.edu/userprod/web/public/hashed.PacBio-Fiber-seq/PS01682/7292f867d393025f3a3ce0dbb72deec3/hg38/trackHub/bw/all.percent.accessible.bw	https://s3.kopah.uw.edu/userprod/web/public/hashed.PacBio-Fiber-seq/PS01682/7292f867d393025f3a3ce0dbb72deec3/hg38/trackHub/bw/hap1.percent.accessible.bw	https://s3.kopah.uw.edu/userprod/web/public/hashed.PacBio-Fiber-seq/PS01682/7292f867d393025f3a3ce0dbb72deec3/hg38/trackHub/bw/hap2.percent.accessible.bw	https://s3.kopah.uw.edu/userprod/web/public/hashed.PacBio-Fiber-seq/PS01682/7292f867d393025f3a3ce0dbb72deec3/hg38/trackHub/bb/fire-peaks.bb
HG008-SC24	PS01684	Pancreatic ductal adenocarcinoma (single-cell clone)	false	https://s3.kopah.uw.edu/userprod/web/public/hashed.PacBio-Fiber-seq/PS01684/4675a175b21734616e6ca9b63ba27b62/hg38/trackHub/bw/all.percent.accessible.bw	https://s3.kopah.uw.edu/userprod/web/public/hashed.PacBio-Fiber-seq/PS01684/4675a175b21734616e6ca9b63ba27b62/hg38/trackHub/bw/hap1.percent.accessible.bw	https://s3.kopah.uw.edu/userprod/web/public/hashed.PacBio-Fiber-seq/PS01684/4675a175b21734616e6ca9b63ba27b62/hg38/trackHub/bw/hap2.percent.accessible.bw	https://s3.kopah.uw.edu/userprod/web/public/hashed.PacBio-Fiber-seq/PS01684/4675a175b21734616e6ca9b63ba27b62/hg38/trackHub/bb/fire-peaks.bb
